{
    "temps": [
        18.480041899892605,
        18.462365805677074,
        18.476976316975296,
        18.518859028518918,
        18.477294910054358,
        18.552536119633825,
        18.59348398269152,
        18.537202754420925,
        18.42356474902899,
        18.435650831168783,
        18.409397721681266,
        18.550325124304745,
        18.443780799797356,
        18.457989760636128,
        18.590209393350207,
        18.595503940897405,
        18.58906124896227,
        18.403760336996896,
        18.40091017071199,
        18.5805065663211,
        18.526067326649592,
        18.599047197622742,
        18.54695800991614,
        18.563165138942587,
        18.47157142885018,
        18.518061849911806,
        18.478301836595495,
        18.49126321522283,
        18.448348309638295,
        18.49766314960171,
        18.57478159006961,
        18.566501534899796,
        18.471435302132033,
        18.50638700350327,
        18.41029541265104,
        18.516822671448505,
        18.4837815582059,
        18.43362612625481,
        18.561895322100487,
        18.53996773038977,
        18.544134172814378,
        18.443951978252883,
        18.506952244554697,
        18.426703233283902,
        18.447711398554574,
        18.57339984419347,
        18.45457405906573,
        18.568496277081014,
        18.50086344455734
    ],
    "pressure": [
        100.98473899056782,
        100.9005409931236,
        100.85907212978181,
        100.84525369001302,
        100.78735546335567,
        100.73363371975998,
        100.69310638721333,
        100.61898739768031,
        100.53414694888507,
        100.5270789625261,
        100.44218546332974,
        100.37934498518004,
        100.25151462799526,
        100.1816464847328,
        100.14332158975662,
        100.04714353637549,
        99.94393119914075,
        99.83375610177676,
        99.78677181975112,
        99.77215351246439,
        99.69153006596562,
        99.58702795198465,
        99.48125772486668,
        99.41907182109553,
        99.35402347538975,
        99.20533103294093,
        99.1354631946102,
        99.0837084942771,
        98.96908354337654,
        98.94777984576513,
        98.8779472285278,
        98.82828809365294,
        98.75789428826921,
        98.65888949410999,
        98.65338933097519,
        98.57970232402191,
        98.46382921037142,
        98.42524009960093,
        98.42339381558688,
        98.31439960528802,
        98.24358315347237,
        98.14851584673352,
        98.13137343682894,
        98.11696742991663,
        98.04119863387268,
        97.94521444698172,
        97.81997906832613,
        97.74544294873598,
        97.64652870282427
    ]
}